{"cameraMode":{"drawMode":0,"name":"Shaded","section":"Shading Mode"},"sceneLighting":false,"audioPlay":false,"sceneViewState":{"showFog":true,"showMaterialUpdate":true,"showSkybox":false,"showFlares":true,"showImageEffects":true,"showParticleSystems":true},"in2DMode":false,"pivot":{"x":-2.282125473022461,"y":3.3356635570526125,"z":83.36571502685547},"rotation":{"x":-0.1136321946978569,"y":0.6541734337806702,"z":-0.09980900585651398,"w":-0.7411867380142212},"size":10.910135269165039,"orthographic":false}