{"cameraMode":{"drawMode":0,"name":"Shaded","section":"Shading Mode"},"sceneLighting":false,"audioPlay":false,"sceneViewState":{"showFog":true,"showMaterialUpdate":true,"showSkybox":false,"showFlares":true,"showImageEffects":true,"showParticleSystems":true},"in2DMode":false,"pivot":{"x":-10.829999923706055,"y":1.210000991821289,"z":83.79341125488281},"rotation":{"x":-0.13471287488937379,"y":0.796565592288971,"z":-0.19266298413276673,"w":-0.5569707751274109},"size":7.978603839874268,"orthographic":false}