{"cameraMode":{"drawMode":0,"name":"Shaded","section":"Shading Mode"},"sceneLighting":false,"audioPlay":false,"sceneViewState":{"showFog":true,"showMaterialUpdate":true,"showSkybox":false,"showFlares":true,"showImageEffects":true,"showParticleSystems":true},"in2DMode":false,"pivot":{"x":5.145143985748291,"y":1.5296897888183594,"z":69.51000213623047},"rotation":{"x":-0.1358921378850937,"y":0.21984551846981049,"z":-0.03089042939245701,"w":-0.9655603766441345},"size":8.419599533081055,"orthographic":false}