{"cameraMode":{"drawMode":0,"name":"Shaded","section":"Shading Mode"},"sceneLighting":false,"audioPlay":false,"sceneViewState":{"showFog":true,"showMaterialUpdate":true,"showSkybox":false,"showFlares":true,"showImageEffects":true,"showParticleSystems":true},"in2DMode":false,"pivot":{"x":1.2324635982513428,"y":-46.14153289794922,"z":88.21345520019531},"rotation":{"x":-0.050721947103738788,"y":0.9175410270690918,"z":-0.3742772340774536,"w":-0.12434480339288712},"size":7.130451202392578,"orthographic":false}