{"cameraMode":{"drawMode":0,"name":"Shaded","section":"Shading Mode"},"sceneLighting":true,"audioPlay":false,"sceneViewState":{"showFog":true,"showMaterialUpdate":true,"showSkybox":false,"showFlares":true,"showImageEffects":true,"showParticleSystems":true},"in2DMode":false,"pivot":{"x":487.3999938964844,"y":5.2512593269348148,"z":74.33999633789063},"rotation":{"x":0.3399668335914612,"y":-0.08617790043354035,"z":0.03071090392768383,"w":0.9361012578010559},"size":107.34446716308594,"orthographic":false}