{"cameraMode":{"drawMode":0,"name":"Shaded","section":"Shading Mode"},"sceneLighting":true,"audioPlay":false,"sceneViewState":{"showFog":true,"showMaterialUpdate":true,"showSkybox":false,"showFlares":true,"showImageEffects":true,"showParticleSystems":true},"in2DMode":false,"pivot":{"x":339.5,"y":5.2512593269348148,"z":74.33999633789063},"rotation":{"x":0.23914389312267304,"y":-0.6781594753265381,"z":0.24945569038391114,"w":0.648740291595459},"size":106.51292419433594,"orthographic":false}