{"cameraMode":{"drawMode":0,"name":"Shaded","section":"Shading Mode"},"sceneLighting":true,"audioPlay":false,"sceneViewState":{"showFog":true,"showMaterialUpdate":true,"showSkybox":false,"showFlares":true,"showImageEffects":true,"showParticleSystems":true},"in2DMode":false,"pivot":{"x":421.4667663574219,"y":-2.895477294921875,"z":112.26951599121094},"rotation":{"x":0.3436293303966522,"y":-0.21068517863750459,"z":0.07901985943317414,"w":0.9118489027023315},"size":106.51292419433594,"orthographic":false}