{"cameraMode":{"drawMode":0,"name":"Shaded","section":"Shading Mode"},"sceneLighting":true,"audioPlay":false,"sceneViewState":{"showFog":true,"showMaterialUpdate":true,"showSkybox":true,"showFlares":true,"showImageEffects":true,"showParticleSystems":true},"in2DMode":false,"pivot":{"x":133.55728149414063,"y":-20.81597137451172,"z":147.8477325439453},"rotation":{"x":-0.1994602233171463,"y":0.06849539279937744,"z":-0.014595815911889077,"w":-0.9775822758674622},"size":118.2441177368164,"orthographic":false}