{"cameraMode":{"drawMode":0,"name":"Shaded","section":"Shading Mode"},"sceneLighting":false,"audioPlay":false,"sceneViewState":{"showFog":true,"showMaterialUpdate":true,"showSkybox":false,"showFlares":true,"showImageEffects":true,"showParticleSystems":true},"in2DMode":false,"pivot":{"x":2.033600091934204,"y":-46.44562911987305,"z":91.78199768066406},"rotation":{"x":-0.19382445514202119,"y":0.04943225532770157,"z":-0.009779081679880619,"w":-0.9797462224960327},"size":6.07748556137085,"orthographic":false}