{"cameraMode":{"drawMode":0,"name":"Shaded","section":"Shading Mode"},"sceneLighting":false,"audioPlay":false,"sceneViewState":{"showFog":true,"showMaterialUpdate":true,"showSkybox":false,"showFlares":true,"showImageEffects":true,"showParticleSystems":true},"in2DMode":false,"pivot":{"x":1.9570000171661378,"y":1.4164999723434449,"z":33.79450225830078},"rotation":{"x":0.17745114862918855,"y":-0.7476595640182495,"z":0.2203468531370163,"w":0.6009304523468018},"size":113.6380615234375,"orthographic":false}