{"cameraMode":{"drawMode":0,"name":"Shaded","section":"Shading Mode"},"sceneLighting":false,"audioPlay":false,"sceneViewState":{"showFog":true,"showMaterialUpdate":true,"showSkybox":false,"showFlares":true,"showImageEffects":true,"showParticleSystems":true},"in2DMode":false,"pivot":{"x":658.1934204101563,"y":112.83697509765625,"z":312.2752990722656},"rotation":{"x":-0.14004811644554139,"y":0.17632775008678437,"z":-0.025354087352752687,"w":-0.973987877368927},"size":1102.524658203125,"orthographic":false}