{"cameraMode":{"drawMode":0,"name":"Shaded","section":"Shading Mode"},"sceneLighting":false,"audioPlay":false,"sceneViewState":{"showFog":true,"showMaterialUpdate":true,"showSkybox":false,"showFlares":true,"showImageEffects":true,"showParticleSystems":true},"in2DMode":false,"pivot":{"x":3.430000066757202,"y":2.3200857639312746,"z":66.50702667236328},"rotation":{"x":-0.08737742900848389,"y":0.6531990766525269,"z":-0.07563355565071106,"w":-0.7484420537948608},"size":5.715782642364502,"orthographic":false}