{"cameraMode":{"drawMode":0,"name":"Shaded","section":"Shading Mode"},"sceneLighting":false,"audioPlay":false,"sceneViewState":{"showFog":true,"showMaterialUpdate":true,"showSkybox":false,"showFlares":true,"showImageEffects":true,"showParticleSystems":true},"in2DMode":false,"pivot":{"x":5.160593509674072,"y":2.4943137168884279,"z":70.37403869628906},"rotation":{"x":-0.13933877646923066,"y":0.81661057472229,"z":-0.2209901362657547,"w":-0.5147353410720825},"size":2.903094530105591,"orthographic":false}