{"cameraMode":{"drawMode":0,"name":"Shaded","section":"Shading Mode"},"sceneLighting":false,"audioPlay":false,"sceneViewState":{"showFog":true,"showMaterialUpdate":true,"showSkybox":false,"showFlares":true,"showImageEffects":true,"showParticleSystems":true},"in2DMode":false,"pivot":{"x":0.13431262969970704,"y":-46.313453674316409,"z":83.41329956054688},"rotation":{"x":-0.19382445514202119,"y":0.04943225532770157,"z":-0.009779081679880619,"w":-0.9797462224960327},"size":7.965440273284912,"orthographic":false}