{"cameraMode":{"drawMode":0,"name":"Shaded","section":"Shading Mode"},"sceneLighting":false,"audioPlay":false,"sceneViewState":{"showFog":true,"showMaterialUpdate":true,"showSkybox":false,"showFlares":true,"showImageEffects":true,"showParticleSystems":true},"in2DMode":false,"pivot":{"x":3.6410083770751955,"y":-0.8599454164505005,"z":80.32390594482422},"rotation":{"x":-0.1006566509604454,"y":0.7086638808250427,"z":-0.10272974520921707,"w":-0.6908583641052246},"size":8.573651313781739,"orthographic":false}