{"cameraMode":{"drawMode":0,"name":"Shaded","section":"Shading Mode"},"sceneLighting":false,"audioPlay":false,"sceneViewState":{"showFog":true,"showMaterialUpdate":true,"showSkybox":false,"showFlares":true,"showImageEffects":true,"showParticleSystems":true},"in2DMode":false,"pivot":{"x":3.2527501583099367,"y":1.4459915161132813,"z":64.97686004638672},"rotation":{"x":-0.06523331999778748,"y":0.6664393544197083,"z":-0.05788451433181763,"w":-0.7405955791473389},"size":5.915822505950928,"orthographic":false}