{"cameraMode":{"drawMode":0,"name":"Shaded","section":"Shading Mode"},"sceneLighting":false,"audioPlay":false,"sceneViewState":{"showFog":true,"showMaterialUpdate":true,"showSkybox":false,"showFlares":true,"showImageEffects":true,"showParticleSystems":true},"in2DMode":false,"pivot":{"x":2.4800000190734865,"y":-46.36571502685547,"z":83.47000122070313},"rotation":{"x":-0.19382445514202119,"y":0.04943225532770157,"z":-0.009779081679880619,"w":-0.9797462224960327},"size":5.84694242477417,"orthographic":false}