{"cameraMode":{"drawMode":0,"name":"Shaded","section":"Shading Mode"},"sceneLighting":true,"audioPlay":false,"sceneViewState":{"showFog":true,"showMaterialUpdate":true,"showSkybox":false,"showFlares":true,"showImageEffects":true,"showParticleSystems":true},"in2DMode":false,"pivot":{"x":173.84130859375,"y":15.675168991088868,"z":67.1097183227539},"rotation":{"x":-0.3112630844116211,"y":0.04345369338989258,"z":-0.014250751584768296,"w":-0.9492228627204895},"size":28.587743759155275,"orthographic":false}