{"cameraMode":{"drawMode":0,"name":"Shaded","section":"Shading Mode"},"sceneLighting":false,"audioPlay":false,"sceneViewState":{"showFog":true,"showMaterialUpdate":true,"showSkybox":false,"showFlares":true,"showImageEffects":true,"showParticleSystems":true},"in2DMode":false,"pivot":{"x":0.13431262969970704,"y":-46.384132385253909,"z":83.41329956054688},"rotation":{"x":0.1763310432434082,"y":0.6525053381919861,"z":-0.15992851555347444,"w":0.7194213271141052},"size":4.89563512802124,"orthographic":false}