{"cameraMode":{"drawMode":0,"name":"Shaded","section":"Shading Mode"},"sceneLighting":true,"audioPlay":false,"sceneViewState":{"showFog":true,"showMaterialUpdate":true,"showSkybox":false,"showFlares":true,"showImageEffects":true,"showParticleSystems":true},"in2DMode":false,"pivot":{"x":222.60531616210938,"y":3.819620132446289,"z":85.5137710571289},"rotation":{"x":-0.595252275466919,"y":0.022287065163254739,"z":-0.01652185246348381,"w":-0.8030598163604736},"size":60.09022521972656,"orthographic":false}