{"cameraMode":{"drawMode":0,"name":"Shaded","section":"Shading Mode"},"sceneLighting":false,"audioPlay":false,"sceneViewState":{"showFog":true,"showMaterialUpdate":true,"showSkybox":false,"showFlares":true,"showImageEffects":true,"showParticleSystems":true},"in2DMode":false,"pivot":{"x":0.5749906301498413,"y":-46.33906936645508,"z":90.68885040283203},"rotation":{"x":0.1763310432434082,"y":0.6525053381919861,"z":-0.15992851555347444,"w":0.7194213271141052},"size":5.008549690246582,"orthographic":false}