{"cameraMode":{"drawMode":0,"name":"Shaded","section":"Shading Mode"},"sceneLighting":true,"audioPlay":false,"sceneViewState":{"showFog":true,"showMaterialUpdate":true,"showSkybox":false,"showFlares":true,"showImageEffects":true,"showParticleSystems":true},"in2DMode":false,"pivot":{"x":367.7740478515625,"y":5.530426025390625,"z":79.50411224365235},"rotation":{"x":-0.4618249237537384,"y":0.39475712180137637,"z":-0.24087116122245789,"w":-0.7568789124488831},"size":76.38157653808594,"orthographic":false}