{"cameraMode":{"drawMode":0,"name":"Shaded","section":"Shading Mode"},"sceneLighting":true,"audioPlay":false,"sceneViewState":{"showFog":true,"showMaterialUpdate":true,"showSkybox":false,"showFlares":true,"showImageEffects":true,"showParticleSystems":true},"in2DMode":false,"pivot":{"x":477.9013671875,"y":-15.264883041381836,"z":88.30497741699219},"rotation":{"x":-0.23804183304309846,"y":0.5624467134475708,"z":-0.1732872575521469,"w":-0.7726327180862427},"size":62.636314392089847,"orthographic":false}