{"cameraMode":{"drawMode":0,"name":"Shaded","section":"Shading Mode"},"sceneLighting":true,"audioPlay":false,"sceneViewState":{"showFog":true,"showMaterialUpdate":true,"showSkybox":false,"showFlares":true,"showImageEffects":true,"showParticleSystems":true},"in2DMode":false,"pivot":{"x":103.18521118164063,"y":6.021661758422852,"z":97.43278503417969},"rotation":{"x":-0.4567498564720154,"y":0.38070499897003176,"z":-0.2253011167049408,"w":-0.7718048691749573},"size":28.587785720825197,"orthographic":false}