{"cameraMode":{"drawMode":0,"name":"Shaded","section":"Shading Mode"},"sceneLighting":true,"audioPlay":false,"sceneViewState":{"showFog":true,"showMaterialUpdate":true,"showSkybox":false,"showFlares":true,"showImageEffects":true,"showParticleSystems":true},"in2DMode":false,"pivot":{"x":116.23851013183594,"y":0.49736785888671877,"z":68.16410827636719},"rotation":{"x":-0.28230634331703188,"y":0.615211546421051,"z":-0.2509937286376953,"w":-0.6919682621955872},"size":64.46722412109375,"orthographic":false}