{"cameraMode":{"drawMode":0,"name":"Shaded","section":"Shading Mode"},"sceneLighting":true,"audioPlay":false,"sceneViewState":{"showFog":true,"showMaterialUpdate":true,"showSkybox":false,"showFlares":true,"showImageEffects":true,"showParticleSystems":true},"in2DMode":false,"pivot":{"x":284.48223876953127,"y":8.691980361938477,"z":97.88864135742188},"rotation":{"x":-0.4306313693523407,"y":-0.3725524842739105,"z":0.2012881636619568,"w":-0.7970222234725952},"size":28.587739944458009,"orthographic":false}