{"cameraMode":{"drawMode":0,"name":"Shaded","section":"Shading Mode"},"sceneLighting":true,"audioPlay":false,"sceneViewState":{"showFog":true,"showMaterialUpdate":true,"showSkybox":false,"showFlares":true,"showImageEffects":true,"showParticleSystems":true},"in2DMode":false,"pivot":{"x":-5.245208740234375,"y":6.329643249511719,"z":99.59058380126953},"rotation":{"x":-0.36751440167427065,"y":0.5306640267372131,"z":-0.27348771691322329,"w":-0.7131152153015137},"size":86.36970520019531,"orthographic":false}