{"cameraMode":{"drawMode":0,"name":"Shaded","section":"Shading Mode"},"sceneLighting":true,"audioPlay":false,"sceneViewState":{"showFog":true,"showMaterialUpdate":true,"showSkybox":false,"showFlares":true,"showImageEffects":true,"showParticleSystems":true},"in2DMode":false,"pivot":{"x":353.3686218261719,"y":15.586641311645508,"z":86.62814331054688},"rotation":{"x":-0.37471723556518557,"y":-0.03406454995274544,"z":0.013776787556707859,"w":-0.9264107942581177},"size":39.68102264404297,"orthographic":false}