{"cameraMode":{"drawMode":0,"name":"Shaded","section":"Shading Mode"},"sceneLighting":false,"audioPlay":false,"sceneViewState":{"showFog":true,"showMaterialUpdate":true,"showSkybox":false,"showFlares":true,"showImageEffects":true,"showParticleSystems":true},"in2DMode":false,"pivot":{"x":1.399999976158142,"y":2.950517177581787,"z":88.2786865234375},"rotation":{"x":-0.4217204451560974,"y":-0.009632985107600689,"z":0.004478654358536005,"w":-0.9066636562347412},"size":1.7275680303573609,"orthographic":false}