{"cameraMode":{"drawMode":0,"name":"Shaded","section":"Shading Mode"},"sceneLighting":true,"audioPlay":false,"sceneViewState":{"showFog":true,"showMaterialUpdate":true,"showSkybox":true,"showFlares":true,"showImageEffects":true,"showParticleSystems":true},"in2DMode":false,"pivot":{"x":-65.66143035888672,"y":0.5899639129638672,"z":77.65333557128906},"rotation":{"x":0.04142513871192932,"y":-0.690255343914032,"z":0.0396445132791996,"w":0.7212904691696167},"size":81.02642059326172,"orthographic":false}