{"cameraMode":{"drawMode":0,"name":"Shaded","section":"Shading Mode"},"sceneLighting":true,"audioPlay":false,"sceneViewState":{"showFog":true,"showMaterialUpdate":true,"showSkybox":false,"showFlares":true,"showImageEffects":true,"showParticleSystems":true},"in2DMode":false,"pivot":{"x":444.16357421875,"y":-12.999202728271485,"z":72.41967010498047},"rotation":{"x":-0.4045785665512085,"y":-0.09370586276054383,"z":0.04171721637248993,"w":-0.9087327122688294},"size":101.71985626220703,"orthographic":false}