{"cameraMode":{"drawMode":0,"name":"Shaded","section":"Shading Mode"},"sceneLighting":false,"audioPlay":false,"sceneViewState":{"showFog":true,"showMaterialUpdate":true,"showSkybox":false,"showFlares":true,"showImageEffects":true,"showParticleSystems":true},"in2DMode":false,"pivot":{"x":2.4800000190734865,"y":-46.36571502685547,"z":83.47000122070313},"rotation":{"x":0.1763310432434082,"y":0.6525053381919861,"z":-0.15992851555347444,"w":0.7194213271141052},"size":4.94694185256958,"orthographic":false}