{"cameraMode":{"drawMode":0,"name":"Shaded","section":"Shading Mode"},"sceneLighting":true,"audioPlay":false,"sceneViewState":{"showFog":true,"showMaterialUpdate":true,"showSkybox":false,"showFlares":true,"showImageEffects":true,"showParticleSystems":true},"in2DMode":false,"pivot":{"x":72.22772216796875,"y":6.3510894775390629,"z":80.76412963867188},"rotation":{"x":-0.4251304566860199,"y":0.44801050424575808,"z":-0.25613752007484438,"w":-0.7436022758483887},"size":31.842079162597658,"orthographic":false}