{"cameraMode":{"drawMode":0,"name":"Shaded","section":"Shading Mode"},"sceneLighting":false,"audioPlay":false,"sceneViewState":{"showFog":true,"showMaterialUpdate":true,"showSkybox":false,"showFlares":true,"showImageEffects":true,"showParticleSystems":true},"in2DMode":false,"pivot":{"x":1.528982162475586,"y":-46.36211013793945,"z":83.72395324707031},"rotation":{"x":0.1763310432434082,"y":0.6525053381919861,"z":-0.15992851555347444,"w":0.7194213271141052},"size":7.984531879425049,"orthographic":false}