{"cameraMode":{"drawMode":0,"name":"Shaded","section":"Shading Mode"},"sceneLighting":false,"audioPlay":false,"sceneViewState":{"showFog":true,"showMaterialUpdate":true,"showSkybox":false,"showFlares":true,"showImageEffects":true,"showParticleSystems":true},"in2DMode":false,"pivot":{"x":2.033600091934204,"y":-46.44562911987305,"z":91.78199768066406},"rotation":{"x":0.1763310432434082,"y":0.6525053381919861,"z":-0.15992851555347444,"w":0.7194213271141052},"size":6.07748556137085,"orthographic":false}