{"cameraMode":{"drawMode":0,"name":"Shaded","section":"Shading Mode"},"sceneLighting":true,"audioPlay":false,"sceneViewState":{"showFog":true,"showMaterialUpdate":true,"showSkybox":false,"showFlares":true,"showImageEffects":true,"showParticleSystems":true},"in2DMode":false,"pivot":{"x":144.60000610351563,"y":13.84000301361084,"z":74.33999633789063},"rotation":{"x":-0.4980347752571106,"y":0.08105509728193283,"z":-0.04682765156030655,"w":-0.8620897531509399},"size":88.0311050415039,"orthographic":false}