{"cameraMode":{"drawMode":0,"name":"Shaded","section":"Shading Mode"},"sceneLighting":true,"audioPlay":false,"sceneViewState":{"showFog":true,"showMaterialUpdate":true,"showSkybox":true,"showFlares":true,"showImageEffects":true,"showParticleSystems":true},"in2DMode":false,"pivot":{"x":2.602010726928711,"y":5.722382545471191,"z":74.14493560791016},"rotation":{"x":-0.04142513871192932,"y":0.690255343914032,"z":-0.0396445132791996,"w":-0.7212904691696167},"size":31.28621482849121,"orthographic":false}