{"cameraMode":{"drawMode":0,"name":"Shaded","section":"Shading Mode"},"sceneLighting":true,"audioPlay":false,"sceneViewState":{"showFog":true,"showMaterialUpdate":true,"showSkybox":true,"showFlares":true,"showImageEffects":true,"showParticleSystems":true},"in2DMode":false,"pivot":{"x":48.978214263916019,"y":-21.780559539794923,"z":64.42451477050781},"rotation":{"x":0.2066926211118698,"y":0.39731815457344057,"z":-0.09234220534563065,"w":0.889319658279419},"size":149.4235382080078,"orthographic":false}