{"cameraMode":{"drawMode":0,"name":"Shaded","section":"Shading Mode"},"sceneLighting":true,"audioPlay":false,"sceneViewState":{"showFog":true,"showMaterialUpdate":true,"showSkybox":true,"showFlares":true,"showImageEffects":true,"showParticleSystems":true},"in2DMode":false,"pivot":{"x":16.740062713623048,"y":-6.084190368652344,"z":84.22311401367188},"rotation":{"x":0.2087765634059906,"y":0.760807991027832,"z":-0.2945305407047272,"w":0.539291501045227},"size":50.67012405395508,"orthographic":false}